{"radius_mean": -0.7708991588411086, "texture_mean": -2.006024725409272, "perimeter_mean": -0.7645165194897299, "area_mean": -0.7118397062000763, "smoothness_mean": -0.1583148028491673, "compactness_mean": -0.68680034115356, "concavity_mean": -0.6624861190201887, "concave_points_mean": -0.574754145341183, "symmetry_mean": -0.535820606854095, "fractal_dimension_mean": -0.2276070770373716, "radius_se": -0.9328081461241348, "texture_se": -1.372440263766904, "perimeter_se": -0.8527828906677626, "area_se": -0.6368400978985982, "smoothness_se": -0.2999339010162387, "compactness_se": -0.5699303642379121, "concavity_se": -0.5325089467114331, "concave_points_se": -0.832589234867966, "symmetry_se": -0.8416237023782016, "fractal_dimension_se": -0.5933727628161332, "radius_worst": -0.7213578145571298, "texture_worst": -1.6359507665045718, "perimeter_worst": -0.7065490319703471, "area_worst": -0.6533700940195317, "smoothness_worst": 0.9685186648211256, "compactness_worst": -0.1044675766204835, "concavity_worst": -0.3066865076140562, "concave_points_worst": -0.3880570176014607, "symmetry_worst": 0.162547266882729, "fractal_dimension_worst": 0.0609580389453828, "radius_avg": -0.8083550398407912, "perimeter_avg": -0.7746161473759465, "area_avg": -0.667349966039402, "concavity_avg": -0.5005605244485594, "texture_avg": -1.6714719185602491, "var_total": 0.2800255259798654}